/*Validations - CWP*/
/* #1 - TELS_CWP_CUSTOMER_PRESTAGE*/
DELETE FROM TELS_CORE_VALIDATIONCONDITION WHERE 1 = 1 AND TABLENAME = 'TELS_CWP_CUSTOMER_PRESTAGE';
DELETE FROM TELS_CORE_RECORDKEY_STD WHERE 1 = 1 AND TABLENAME = 'TELS_CWP_CUSTOMER_PRESTAGE';
DELETE FROM TELS_CORE_FIELDVALIDATION_STD WHERE 1 = 1 AND TABLENAME = 'TELS_CWP_CUSTOMER_PRESTAGE';
DELETE FROM TELS_CORE_FIELDVALUESET_STD WHERE 1 = 1 AND TABLENAME = 'TELS_CWP_CUSTOMER_PRESTAGE';
COMMIT;
INSERT INTO TELS_CORE_VALIDATIONCONDITION(CONDITIONKEY,ISSTANDARD,TABLENAME,CONDITIONTEXT) VALUES('4','1','TELS_CWP_CUSTOMER_PRESTAGE','');
INSERT INTO TELS_CORE_RECORDKEY_STD(TABLENAME,FIELDNAMELIST,ISPRIMARYRECORDKEY,CONDITIONKEY) VALUES('TELS_CWP_CUSTOMER_PRESTAGE','B2B_KEY','1','4');
--INSERT INTO TELS_CORE_FIELDVALIDATION_STD(TABLENAME,FIELDNAME,CONDITIONKEY,ISWARNING,ISNUMBER,ISREQUIRED,ISALWAYSNULL,ISDATE,ISDATETIME,ISINTEGER,ISDECIMAL,MINDATALENGTH,MAXDATALENGTH,MINNUMERICVALUE,MAXNUMERICVALUE,ISONEOFVALUESET,ISSPACES,MINDATEVALUE,MAXDATEVALUE,TCDATATYPE,DATEFORMATCHECK) VALUES('TELS_CWP_CUSTOMER_PRESTAGE','B2B_KEY','4','0','','1','','','','','','','','','','','','','','','');
INSERT INTO TELS_CORE_FIELDVALIDATION_STD(TABLENAME,FIELDNAME,CONDITIONKEY,ISWARNING,ISNUMBER,ISREQUIRED,ISALWAYSNULL,ISDATE,ISDATETIME,ISINTEGER,ISDECIMAL,MINDATALENGTH,MAXDATALENGTH,MINNUMERICVALUE,MAXNUMERICVALUE,ISONEOFVALUESET,ISSPACES,MINDATEVALUE,MAXDATEVALUE,TCDATATYPE,DATEFORMATCHECK) VALUES('TELS_CWP_CUSTOMER_PRESTAGE','B2B_INSERT_TIMESTAMP','4','1','','','','','1','','','','','','','','','','','','YYYY-MM-DD HH24:MI:SS');
--INSERT INTO TELS_CORE_FIELDVALIDATION_STD(TABLENAME,FIELDNAME,CONDITIONKEY,ISWARNING,ISNUMBER,ISREQUIRED,ISALWAYSNULL,ISDATE,ISDATETIME,ISINTEGER,ISDECIMAL,MINDATALENGTH,MAXDATALENGTH,MINNUMERICVALUE,MAXNUMERICVALUE,ISONEOFVALUESET,ISSPACES,MINDATEVALUE,MAXDATEVALUE,TCDATATYPE,DATEFORMATCHECK) VALUES('TELS_CWP_CUSTOMER_PRESTAGE','SOURCE_SYSTEM','4','0','','1','','','','','','','','','','1','','','','','');
INSERT INTO TELS_CORE_FIELDVALUESET_STD(TABLENAME,FIELDNAME,CONDITIONKEY,ALLOWEDVALUE) VALUES('TELS_CWP_CUSTOMER_PRESTAGE','SOURCE_SYSTEM','4','Phoenix');
UPDATE TELS_CORE_FIELDVALIDATION_STD SET DATEFORMATCHECK = '''YYYY-MM-DD HH24:MI:SS''' WHERE DATEFORMATCHECK = 'YYYY-MM-DD HH24:MI:SS';

/* #2 - TELS_CWP_CUSTOMER_ORDER_PRESTG*/
DELETE FROM TELS_CORE_VALIDATIONCONDITION WHERE 1 = 1 AND TABLENAME = 'TELS_CWP_CUSTOMER_ORDER_PRESTG';
DELETE FROM TELS_CORE_RECORDKEY_STD WHERE 1 = 1 AND TABLENAME = 'TELS_CWP_CUSTOMER_ORDER_PRESTG';
DELETE FROM TELS_CORE_FIELDVALIDATION_STD WHERE 1 = 1 AND TABLENAME = 'TELS_CWP_CUSTOMER_ORDER_PRESTG';
DELETE FROM TELS_CORE_FIELDVALUESET_STD WHERE 1 = 1 AND TABLENAME = 'TELS_CWP_CUSTOMER_ORDER_PRESTG';
COMMIT;
INSERT INTO TELS_CORE_VALIDATIONCONDITION(CONDITIONKEY,ISSTANDARD,TABLENAME,CONDITIONTEXT) VALUES('5','1','TELS_CWP_CUSTOMER_ORDER_PRESTG','');
INSERT INTO TELS_CORE_RECORDKEY_STD(TABLENAME,FIELDNAMELIST,ISPRIMARYRECORDKEY,CONDITIONKEY) VALUES('TELS_CWP_CUSTOMER_ORDER_PRESTG','B2B_KEY','1','5');
--INSERT INTO TELS_CORE_FIELDVALIDATION_STD(TABLENAME,FIELDNAME,CONDITIONKEY,ISWARNING,ISNUMBER,ISREQUIRED,ISALWAYSNULL,ISDATE,ISDATETIME,ISINTEGER,ISDECIMAL,MINDATALENGTH,MAXDATALENGTH,MINNUMERICVALUE,MAXNUMERICVALUE,ISONEOFVALUESET,ISSPACES,MINDATEVALUE,MAXDATEVALUE,TCDATATYPE,DATEFORMATCHECK) VALUES('TELS_CWP_CUSTOMER_ORDER_PRESTG','B2B_KEY','5','0','','1','','','','','','','','','','','','','','','');
INSERT INTO TELS_CORE_FIELDVALIDATION_STD(TABLENAME,FIELDNAME,CONDITIONKEY,ISWARNING,ISNUMBER,ISREQUIRED,ISALWAYSNULL,ISDATE,ISDATETIME,ISINTEGER,ISDECIMAL,MINDATALENGTH,MAXDATALENGTH,MINNUMERICVALUE,MAXNUMERICVALUE,ISONEOFVALUESET,ISSPACES,MINDATEVALUE,MAXDATEVALUE,TCDATATYPE,DATEFORMATCHECK) VALUES('TELS_CWP_CUSTOMER_ORDER_PRESTG','B2B_INSERT_TIMESTAMP','5','1','','','','','1','','','','','','','','','','','','YYYY-MM-DD HH24:MI:SS');
--INSERT INTO TELS_CORE_FIELDVALIDATION_STD(TABLENAME,FIELDNAME,CONDITIONKEY,ISWARNING,ISNUMBER,ISREQUIRED,ISALWAYSNULL,ISDATE,ISDATETIME,ISINTEGER,ISDECIMAL,MINDATALENGTH,MAXDATALENGTH,MINNUMERICVALUE,MAXNUMERICVALUE,ISONEOFVALUESET,ISSPACES,MINDATEVALUE,MAXDATEVALUE,TCDATATYPE,DATEFORMATCHECK) VALUES('TELS_CWP_CUSTOMER_ORDER_PRESTG','CUSTOMER_ORDER_SOURCE','5','0','','1','','','','','','','','','','1','','','','','');
INSERT INTO TELS_CORE_FIELDVALUESET_STD(TABLENAME,FIELDNAME,CONDITIONKEY,ALLOWEDVALUE) VALUES('TELS_CWP_CUSTOMER_ORDER_PRESTG','CUSTOMER_ORDER_SOURCE','5','Phoenix');
UPDATE TELS_CORE_FIELDVALIDATION_STD SET DATEFORMATCHECK = '''YYYY-MM-DD HH24:MI:SS''' WHERE DATEFORMATCHECK = 'YYYY-MM-DD HH24:MI:SS';

/*#3::TELS_CWP_SITE_PRESTAGE*/
DELETE FROM TELS_CORE_VALIDATIONCONDITION WHERE 1 = 1 AND TABLENAME = 'TELS_CWP_SITE_PRESTAGE';
DELETE FROM TELS_CORE_RECORDKEY_STD WHERE 1 = 1 AND TABLENAME = 'TELS_CWP_SITE_PRESTAGE';
DELETE FROM TELS_CORE_FIELDVALIDATION_STD WHERE 1 = 1 AND TABLENAME = 'TELS_CWP_SITE_PRESTAGE';
DELETE FROM TELS_CORE_FIELDVALUESET_STD WHERE 1 = 1 AND TABLENAME = 'TELS_CWP_SITE_PRESTAGE';
COMMIT;
INSERT INTO TELS_CORE_VALIDATIONCONDITION(CONDITIONKEY,ISSTANDARD,TABLENAME,CONDITIONTEXT) VALUES('6','1','TELS_CWP_SITE_PRESTAGE','');
INSERT INTO TELS_CORE_RECORDKEY_STD(TABLENAME,FIELDNAMELIST,ISPRIMARYRECORDKEY,CONDITIONKEY) VALUES('TELS_CWP_SITE_PRESTAGE','B2B_KEY','1','6');
--INSERT INTO TELS_CORE_FIELDVALIDATION_STD(TABLENAME,FIELDNAME,CONDITIONKEY,ISWARNING,ISNUMBER,ISREQUIRED,ISALWAYSNULL,ISDATE,ISDATETIME,ISINTEGER,ISDECIMAL,MINDATALENGTH,MAXDATALENGTH,MINNUMERICVALUE,MAXNUMERICVALUE,ISONEOFVALUESET,ISSPACES,MINDATEVALUE,MAXDATEVALUE,TCDATATYPE,DATEFORMATCHECK) VALUES('TELS_CWP_SITE_PRESTAGE','B2B_KEY','6','0','','1','','','','','','','','','','','','','','','');
INSERT INTO TELS_CORE_FIELDVALIDATION_STD(TABLENAME,FIELDNAME,CONDITIONKEY,ISWARNING,ISNUMBER,ISREQUIRED,ISALWAYSNULL,ISDATE,ISDATETIME,ISINTEGER,ISDECIMAL,MINDATALENGTH,MAXDATALENGTH,MINNUMERICVALUE,MAXNUMERICVALUE,ISONEOFVALUESET,ISSPACES,MINDATEVALUE,MAXDATEVALUE,TCDATATYPE,DATEFORMATCHECK) VALUES('TELS_CWP_SITE_PRESTAGE','B2B_INSERT_TIMESTAMP','6','1','','','','','1','','','','','','','','','','','','YYYY-MM-DD HH24:MI:SS');
--INSERT INTO TELS_CORE_FIELDVALUESET_STD(TABLENAME,FIELDNAME,CONDITIONKEY,ALLOWEDVALUE) VALUES('TELS_CWP_SITE_PRESTAGE','SOURCE_SYSTEM','6','sf');
UPDATE TELS_CORE_FIELDVALIDATION_STD SET DATEFORMATCHECK = '''YYYY-MM-DD HH24:MI:SS''' WHERE DATEFORMATCHECK = 'YYYY-MM-DD HH24:MI:SS';

/*#4 - TELS_CWP_PRODUCTSPEC_PRESTAGE*/
DELETE FROM TELS_CORE_VALIDATIONCONDITION WHERE 1 = 1 AND TABLENAME = 'TELS_CWP_PRODUCTSPEC_PRESTAGE';
DELETE FROM TELS_CORE_RECORDKEY_STD WHERE 1 = 1 AND TABLENAME = 'TELS_CWP_PRODUCTSPEC_PRESTAGE';
DELETE FROM TELS_CORE_FIELDVALIDATION_STD WHERE 1 = 1 AND TABLENAME = 'TELS_CWP_PRODUCTSPEC_PRESTAGE';
DELETE FROM TELS_CORE_FIELDVALUESET_STD WHERE 1 = 1 AND TABLENAME = 'TELS_CWP_PRODUCTSPEC_PRESTAGE';
COMMIT;
INSERT INTO TELS_CORE_VALIDATIONCONDITION(CONDITIONKEY,ISSTANDARD,TABLENAME,CONDITIONTEXT) VALUES('7','1','TELS_CWP_PRODUCTSPEC_PRESTAGE','');
INSERT INTO TELS_CORE_RECORDKEY_STD(TABLENAME,FIELDNAMELIST,ISPRIMARYRECORDKEY,CONDITIONKEY) VALUES('TELS_CWP_PRODUCTSPEC_PRESTAGE','B2B_KEY','1','7');
--INSERT INTO TELS_CORE_FIELDVALIDATION_STD(TABLENAME,FIELDNAME,CONDITIONKEY,ISWARNING,ISNUMBER,ISREQUIRED,ISALWAYSNULL,ISDATE,ISDATETIME,ISINTEGER,ISDECIMAL,MINDATALENGTH,MAXDATALENGTH,MINNUMERICVALUE,MAXNUMERICVALUE,ISONEOFVALUESET,ISSPACES,MINDATEVALUE,MAXDATEVALUE,TCDATATYPE,DATEFORMATCHECK) VALUES('TELS_CWP_PRODUCTSPEC_PRESTAGE','B2B_KEY','7','0','','1','','','','','','','','','','','','','','','');
INSERT INTO TELS_CORE_FIELDVALIDATION_STD(TABLENAME,FIELDNAME,CONDITIONKEY,ISWARNING,ISNUMBER,ISREQUIRED,ISALWAYSNULL,ISDATE,ISDATETIME,ISINTEGER,ISDECIMAL,MINDATALENGTH,MAXDATALENGTH,MINNUMERICVALUE,MAXNUMERICVALUE,ISONEOFVALUESET,ISSPACES,MINDATEVALUE,MAXDATEVALUE,TCDATATYPE,DATEFORMATCHECK) VALUES('TELS_CWP_PRODUCTSPEC_PRESTAGE','B2B_INSERT_TIMESTAMP','7','1','','','','','1','','','','','','','','','','','','YYYY-MM-DD HH24:MI:SS');
--INSERT INTO TELS_CORE_FIELDVALUESET_STD(TABLENAME,FIELDNAME,CONDITIONKEY,ALLOWEDVALUE) VALUES('TELS_CWP_PRODUCTSPEC_PRESTAGE','SOURCE_SYSTEM','7','sigma');
UPDATE TELS_CORE_FIELDVALIDATION_STD SET DATEFORMATCHECK = '''YYYY-MM-DD HH24:MI:SS''' WHERE DATEFORMATCHECK = 'YYYY-MM-DD HH24:MI:SS';

/*#5 - TELS_CWP_PRODUCTPRICE_PRESTG */
DELETE FROM TELS_CORE_VALIDATIONCONDITION WHERE 1 = 1 AND TABLENAME = 'TELS_CWP_PRODUCTPRICE_PRESTG';
DELETE FROM TELS_CORE_RECORDKEY_STD WHERE 1 = 1 AND TABLENAME = 'TELS_CWP_PRODUCTPRICE_PRESTG';
DELETE FROM TELS_CORE_FIELDVALIDATION_STD WHERE 1 = 1 AND TABLENAME = 'TELS_CWP_PRODUCTPRICE_PRESTG';
DELETE FROM TELS_CORE_FIELDVALUESET_STD WHERE 1 = 1 AND TABLENAME = 'TELS_CWP_PRODUCTPRICE_PRESTG';
COMMIT;
INSERT INTO TELS_CORE_VALIDATIONCONDITION(CONDITIONKEY,ISSTANDARD,TABLENAME,CONDITIONTEXT) VALUES('8','1','TELS_CWP_PRODUCTPRICE_PRESTG','');
INSERT INTO TELS_CORE_RECORDKEY_STD(TABLENAME,FIELDNAMELIST,ISPRIMARYRECORDKEY,CONDITIONKEY) VALUES('TELS_CWP_PRODUCTPRICE_PRESTG','B2B_KEY','1','8');
--INSERT INTO TELS_CORE_FIELDVALIDATION_STD(TABLENAME,FIELDNAME,CONDITIONKEY,ISWARNING,ISNUMBER,ISREQUIRED,ISALWAYSNULL,ISDATE,ISDATETIME,ISINTEGER,ISDECIMAL,MINDATALENGTH,MAXDATALENGTH,MINNUMERICVALUE,MAXNUMERICVALUE,ISONEOFVALUESET,ISSPACES,MINDATEVALUE,MAXDATEVALUE,TCDATATYPE,DATEFORMATCHECK) VALUES('TELS_CWP_PRODUCTPRICE_PRESTG','B2B_KEY','8','0','','1','','','','','','','','','','','','','','','');
INSERT INTO TELS_CORE_FIELDVALIDATION_STD(TABLENAME,FIELDNAME,CONDITIONKEY,ISWARNING,ISNUMBER,ISREQUIRED,ISALWAYSNULL,ISDATE,ISDATETIME,ISINTEGER,ISDECIMAL,MINDATALENGTH,MAXDATALENGTH,MINNUMERICVALUE,MAXNUMERICVALUE,ISONEOFVALUESET,ISSPACES,MINDATEVALUE,MAXDATEVALUE,TCDATATYPE,DATEFORMATCHECK) VALUES('TELS_CWP_PRODUCTPRICE_PRESTG','B2B_INSERT_TIMESTAMP','8','1','','','','','1','','','','','','','','','','','','YYYY-MM-DD HH24:MI:SS');
--INSERT INTO TELS_CORE_FIELDVALUESET_STD(TABLENAME,FIELDNAME,CONDITIONKEY,ALLOWEDVALUE) VALUES('TELS_CWP_PRODUCTPRICE_PRESTG','SOURCE_SYSTEM','8','sigma');
UPDATE TELS_CORE_FIELDVALIDATION_STD SET DATEFORMATCHECK = '''YYYY-MM-DD HH24:MI:SS''' WHERE DATEFORMATCHECK = 'YYYY-MM-DD HH24:MI:SS';

/*#6 - TELS_CWP_BILLINGACCOUNT_PSTG**/
DELETE FROM TELS_CORE_VALIDATIONCONDITION WHERE 1 = 1 AND TABLENAME = 'TELS_CWP_BILLINGACCOUNT_PSTG';
DELETE FROM TELS_CORE_RECORDKEY_STD WHERE 1 = 1 AND TABLENAME = 'TELS_CWP_BILLINGACCOUNT_PSTG';
DELETE FROM TELS_CORE_FIELDVALIDATION_STD WHERE 1 = 1 AND TABLENAME = 'TELS_CWP_BILLINGACCOUNT_PSTG';
DELETE FROM TELS_CORE_FIELDVALUESET_STD WHERE 1 = 1 AND TABLENAME = 'TELS_CWP_BILLINGACCOUNT_PSTG';
COMMIT;
INSERT INTO TELS_CORE_VALIDATIONCONDITION(CONDITIONKEY,ISSTANDARD,TABLENAME,CONDITIONTEXT) VALUES('9','1','TELS_CWP_BILLINGACCOUNT_PSTG','');
INSERT INTO TELS_CORE_RECORDKEY_STD(TABLENAME,FIELDNAMELIST,ISPRIMARYRECORDKEY,CONDITIONKEY) VALUES('TELS_CWP_BILLINGACCOUNT_PSTG','B2B_KEY','1','9');
--INSERT INTO TELS_CORE_FIELDVALIDATION_STD(TABLENAME,FIELDNAME,CONDITIONKEY,ISWARNING,ISNUMBER,ISREQUIRED,ISALWAYSNULL,ISDATE,ISDATETIME,ISINTEGER,ISDECIMAL,MINDATALENGTH,MAXDATALENGTH,MINNUMERICVALUE,MAXNUMERICVALUE,ISONEOFVALUESET,ISSPACES,MINDATEVALUE,MAXDATEVALUE,TCDATATYPE,DATEFORMATCHECK) VALUES('TELS_CWP_BILLINGACCOUNT_PSTG','B2B_KEY','9','0','','1','','','','','','','','','','','','','','','');
INSERT INTO TELS_CORE_FIELDVALIDATION_STD(TABLENAME,FIELDNAME,CONDITIONKEY,ISWARNING,ISNUMBER,ISREQUIRED,ISALWAYSNULL,ISDATE,ISDATETIME,ISINTEGER,ISDECIMAL,MINDATALENGTH,MAXDATALENGTH,MINNUMERICVALUE,MAXNUMERICVALUE,ISONEOFVALUESET,ISSPACES,MINDATEVALUE,MAXDATEVALUE,TCDATATYPE,DATEFORMATCHECK) VALUES('TELS_CWP_BILLINGACCOUNT_PSTG','B2B_INSERT_TIMESTAMP','9','1','','','','','1','','','','','','','','','','','','YYYY-MM-DD HH24:MI:SS');
--INSERT INTO TELS_CORE_FIELDVALUESET_STD(TABLENAME,FIELDNAME,CONDITIONKEY,ALLOWEDVALUE) VALUES('TELS_CWP_BILLINGACCOUNT_PSTG','SOURCE_SYSTEM','9','ARIA');
UPDATE TELS_CORE_FIELDVALIDATION_STD SET DATEFORMATCHECK = '''YYYY-MM-DD HH24:MI:SS''' WHERE DATEFORMATCHECK = 'YYYY-MM-DD HH24:MI:SS';

/*#7 - TELS_CWP_BILLITEM_PRESTAGE**/
DELETE FROM TELS_CORE_VALIDATIONCONDITION WHERE 1 = 1 AND TABLENAME = 'TELS_CWP_BILLITEM_PRESTAGE';
DELETE FROM TELS_CORE_RECORDKEY_STD WHERE 1 = 1 AND TABLENAME = 'TELS_CWP_BILLITEM_PRESTAGE';
DELETE FROM TELS_CORE_FIELDVALIDATION_STD WHERE 1 = 1 AND TABLENAME = 'TELS_CWP_BILLITEM_PRESTAGE';
DELETE FROM TELS_CORE_FIELDVALUESET_STD WHERE 1 = 1 AND TABLENAME = 'TELS_CWP_BILLITEM_PRESTAGE';
COMMIT;
INSERT INTO TELS_CORE_VALIDATIONCONDITION(CONDITIONKEY,ISSTANDARD,TABLENAME,CONDITIONTEXT) VALUES('10','1','TELS_CWP_BILLITEM_PRESTAGE','');
INSERT INTO TELS_CORE_RECORDKEY_STD(TABLENAME,FIELDNAMELIST,ISPRIMARYRECORDKEY,CONDITIONKEY) VALUES('TELS_CWP_BILLITEM_PRESTAGE','B2B_KEY','1','10');
--INSERT INTO TELS_CORE_FIELDVALIDATION_STD(TABLENAME,FIELDNAME,CONDITIONKEY,ISWARNING,ISNUMBER,ISREQUIRED,ISALWAYSNULL,ISDATE,ISDATETIME,ISINTEGER,ISDECIMAL,MINDATALENGTH,MAXDATALENGTH,MINNUMERICVALUE,MAXNUMERICVALUE,ISONEOFVALUESET,ISSPACES,MINDATEVALUE,MAXDATEVALUE,TCDATATYPE,DATEFORMATCHECK) VALUES('TELS_CWP_BILLITEM_PRESTAGE','B2B_KEY','10','0','','1','','','','','','','','','','','','','','','');
INSERT INTO TELS_CORE_FIELDVALIDATION_STD(TABLENAME,FIELDNAME,CONDITIONKEY,ISWARNING,ISNUMBER,ISREQUIRED,ISALWAYSNULL,ISDATE,ISDATETIME,ISINTEGER,ISDECIMAL,MINDATALENGTH,MAXDATALENGTH,MINNUMERICVALUE,MAXNUMERICVALUE,ISONEOFVALUESET,ISSPACES,MINDATEVALUE,MAXDATEVALUE,TCDATATYPE,DATEFORMATCHECK) VALUES('TELS_CWP_BILLITEM_PRESTAGE','B2B_INSERT_TIMESTAMP','10','1','','','','','1','','','','','','','','','','','','YYYY-MM-DD HH24:MI:SS');
--INSERT INTO TELS_CORE_FIELDVALUESET_STD(TABLENAME,FIELDNAME,CONDITIONKEY,ALLOWEDVALUE) VALUES('TELS_CWP_BILLITEM_PRESTAGE','SOURCE_SYSTEM','10','ARIA');
UPDATE TELS_CORE_FIELDVALIDATION_STD SET DATEFORMATCHECK = '''YYYY-MM-DD HH24:MI:SS''' WHERE DATEFORMATCHECK = 'YYYY-MM-DD HH24:MI:SS';

/*#8 - TELS_CWP_OPPORTUNITY_PRESTAGE**/
DELETE FROM TELS_CORE_VALIDATIONCONDITION WHERE 1 = 1 AND TABLENAME = 'TELS_CWP_OPPORTUNITY_PRESTAGE';
DELETE FROM TELS_CORE_RECORDKEY_STD WHERE 1 = 1 AND TABLENAME = 'TELS_CWP_OPPORTUNITY_PRESTAGE';
DELETE FROM TELS_CORE_FIELDVALIDATION_STD WHERE 1 = 1 AND TABLENAME = 'TELS_CWP_OPPORTUNITY_PRESTAGE';
DELETE FROM TELS_CORE_FIELDVALUESET_STD WHERE 1 = 1 AND TABLENAME = 'TELS_CWP_OPPORTUNITY_PRESTAGE';
COMMIT;
--INSERT INTO TELS_CORE_VALIDATIONCONDITION(CONDITIONKEY,ISSTANDARD,TABLENAME,CONDITIONTEXT) VALUES('11','1','TELS_CWP_OPPORTUNITY_PRESTAGE','');
INSERT INTO TELS_CORE_RECORDKEY_STD(TABLENAME,FIELDNAMELIST,ISPRIMARYRECORDKEY,CONDITIONKEY) VALUES('TELS_CWP_OPPORTUNITY_PRESTAGE','B2B_KEY','1','11');
--INSERT INTO TELS_CORE_FIELDVALIDATION_STD(TABLENAME,FIELDNAME,CONDITIONKEY,ISWARNING,ISNUMBER,ISREQUIRED,ISALWAYSNULL,ISDATE,ISDATETIME,ISINTEGER,ISDECIMAL,MINDATALENGTH,MAXDATALENGTH,MINNUMERICVALUE,MAXNUMERICVALUE,ISONEOFVALUESET,ISSPACES,MINDATEVALUE,MAXDATEVALUE,TCDATATYPE,DATEFORMATCHECK) VALUES('TELS_CWP_OPPORTUNITY_PRESTAGE','B2B_KEY','11','0','','1','','','','','','','','','','','','','','','');
INSERT INTO TELS_CORE_FIELDVALIDATION_STD(TABLENAME,FIELDNAME,CONDITIONKEY,ISWARNING,ISNUMBER,ISREQUIRED,ISALWAYSNULL,ISDATE,ISDATETIME,ISINTEGER,ISDECIMAL,MINDATALENGTH,MAXDATALENGTH,MINNUMERICVALUE,MAXNUMERICVALUE,ISONEOFVALUESET,ISSPACES,MINDATEVALUE,MAXDATEVALUE,TCDATATYPE,DATEFORMATCHECK) VALUES('TELS_CWP_OPPORTUNITY_PRESTAGE','B2B_INSERT_TIMESTAMP','11','1','','','','','1','','','','','','','','','','','','YYYY-MM-DD HH24:MI:SS');
--INSERT INTO TELS_CORE_FIELDVALUESET_STD(TABLENAME,FIELDNAME,CONDITIONKEY,ALLOWEDVALUE) VALUES('TELS_CWP_OPPORTUNITY_PRESTAGE','SOURCE_SYSTEM','11','Phoenix');
UPDATE TELS_CORE_FIELDVALIDATION_STD SET DATEFORMATCHECK = '''YYYY-MM-DD HH24:MI:SS''' WHERE DATEFORMATCHECK = 'YYYY-MM-DD HH24:MI:SS';

/*#9 - TELS_CWP_OPPORITEM_PRESTAGE**/
DELETE FROM TELS_CORE_VALIDATIONCONDITION WHERE 1 = 1 AND TABLENAME = 'TELS_CWP_OPPORITEM_PRESTAGE';
DELETE FROM TELS_CORE_RECORDKEY_STD WHERE 1 = 1 AND TABLENAME = 'TELS_CWP_OPPORITEM_PRESTAGE';
DELETE FROM TELS_CORE_FIELDVALIDATION_STD WHERE 1 = 1 AND TABLENAME = 'TELS_CWP_OPPORITEM_PRESTAGE';
DELETE FROM TELS_CORE_FIELDVALUESET_STD WHERE 1 = 1 AND TABLENAME = 'TELS_CWP_OPPORITEM_PRESTAGE';
COMMIT;
INSERT INTO TELS_CORE_VALIDATIONCONDITION(CONDITIONKEY,ISSTANDARD,TABLENAME,CONDITIONTEXT) VALUES('12','1','TELS_CWP_OPPORITEM_PRESTAGE','');
INSERT INTO TELS_CORE_RECORDKEY_STD(TABLENAME,FIELDNAMELIST,ISPRIMARYRECORDKEY,CONDITIONKEY) VALUES('TELS_CWP_OPPORITEM_PRESTAGE','B2B_KEY','1','12');
--INSERT INTO TELS_CORE_FIELDVALIDATION_STD(TABLENAME,FIELDNAME,CONDITIONKEY,ISWARNING,ISNUMBER,ISREQUIRED,ISALWAYSNULL,ISDATE,ISDATETIME,ISINTEGER,ISDECIMAL,MINDATALENGTH,MAXDATALENGTH,MINNUMERICVALUE,MAXNUMERICVALUE,ISONEOFVALUESET,ISSPACES,MINDATEVALUE,MAXDATEVALUE,TCDATATYPE,DATEFORMATCHECK) VALUES('TELS_CWP_OPPORITEM_PRESTAGE','B2B_KEY','12','0','','1','','','','','','','','','','','','','','','');
INSERT INTO TELS_CORE_FIELDVALIDATION_STD(TABLENAME,FIELDNAME,CONDITIONKEY,ISWARNING,ISNUMBER,ISREQUIRED,ISALWAYSNULL,ISDATE,ISDATETIME,ISINTEGER,ISDECIMAL,MINDATALENGTH,MAXDATALENGTH,MINNUMERICVALUE,MAXNUMERICVALUE,ISONEOFVALUESET,ISSPACES,MINDATEVALUE,MAXDATEVALUE,TCDATATYPE,DATEFORMATCHECK) VALUES('TELS_CWP_OPPORITEM_PRESTAGE','B2B_INSERT_TIMESTAMP','12','1','','','','','1','','','','','','','','','','','','YYYY-MM-DD HH24:MI:SS');
UPDATE TELS_CORE_FIELDVALIDATION_STD SET DATEFORMATCHECK = '''YYYY-MM-DD HH24:MI:SS''' WHERE DATEFORMATCHECK = 'YYYY-MM-DD HH24:MI:SS';

/*#10 - TELS_CWP_PRODUCTLINE_PRESTAGE**/
DELETE FROM TELS_CORE_VALIDATIONCONDITION WHERE 1 = 1 AND TABLENAME = 'TELS_CWP_PRODUCTLINE_PRESTAGE';
DELETE FROM TELS_CORE_RECORDKEY_STD WHERE 1 = 1 AND TABLENAME = 'TELS_CWP_PRODUCTLINE_PRESTAGE';
DELETE FROM TELS_CORE_FIELDVALIDATION_STD WHERE 1 = 1 AND TABLENAME = 'TELS_CWP_PRODUCTLINE_PRESTAGE';
DELETE FROM TELS_CORE_FIELDVALUESET_STD WHERE 1 = 1 AND TABLENAME = 'TELS_CWP_PRODUCTLINE_PRESTAGE';
COMMIT;
INSERT INTO TELS_CORE_VALIDATIONCONDITION(CONDITIONKEY,ISSTANDARD,TABLENAME,CONDITIONTEXT) VALUES('13','1','TELS_CWP_PRODUCTLINE_PRESTAGE','');
INSERT INTO TELS_CORE_RECORDKEY_STD(TABLENAME,FIELDNAMELIST,ISPRIMARYRECORDKEY,CONDITIONKEY) VALUES('TELS_CWP_PRODUCTLINE_PRESTAGE','B2B_KEY','1','13');
--INSERT INTO TELS_CORE_FIELDVALIDATION_STD(TABLENAME,FIELDNAME,CONDITIONKEY,ISWARNING,ISNUMBER,ISREQUIRED,ISALWAYSNULL,ISDATE,ISDATETIME,ISINTEGER,ISDECIMAL,MINDATALENGTH,MAXDATALENGTH,MINNUMERICVALUE,MAXNUMERICVALUE,ISONEOFVALUESET,ISSPACES,MINDATEVALUE,MAXDATEVALUE,TCDATATYPE,DATEFORMATCHECK) VALUES('TELS_CWP_PRODUCTLINE_PRESTAGE','B2B_KEY','13','0','','1','','','','','','','','','','','','','','','');
INSERT INTO TELS_CORE_FIELDVALIDATION_STD(TABLENAME,FIELDNAME,CONDITIONKEY,ISWARNING,ISNUMBER,ISREQUIRED,ISALWAYSNULL,ISDATE,ISDATETIME,ISINTEGER,ISDECIMAL,MINDATALENGTH,MAXDATALENGTH,MINNUMERICVALUE,MAXNUMERICVALUE,ISONEOFVALUESET,ISSPACES,MINDATEVALUE,MAXDATEVALUE,TCDATATYPE,DATEFORMATCHECK) VALUES('TELS_CWP_PRODUCTLINE_PRESTAGE','B2B_INSERT_TIMESTAMP','13','1','','','','','1','','','','','','','','','','','','YYYY-MM-DD HH24:MI:SS');
INSERT INTO TELS_CORE_FIELDVALUESET_STD(TABLENAME,FIELDNAME,CONDITIONKEY,ALLOWEDVALUE) VALUES('TELS_CWP_PRODUCTLINE_PRESTAGE','SOURCE_SYSTEM','13','Phoenix');
UPDATE TELS_CORE_FIELDVALIDATION_STD SET DATEFORMATCHECK = '''YYYY-MM-DD HH24:MI:SS''' WHERE DATEFORMATCHECK = 'YYYY-MM-DD HH24:MI:SS';

/*#11 - TELS_CWP_PRODUCTOFFER_PRESTAGE**/
DELETE FROM TELS_CORE_VALIDATIONCONDITION WHERE 1 = 1 AND TABLENAME = 'TELS_CWP_PRODUCTOFFER_PRESTAGE';
DELETE FROM TELS_CORE_RECORDKEY_STD WHERE 1 = 1 AND TABLENAME = 'TELS_CWP_PRODUCTOFFER_PRESTAGE';
DELETE FROM TELS_CORE_FIELDVALIDATION_STD WHERE 1 = 1 AND TABLENAME = 'TELS_CWP_PRODUCTOFFER_PRESTAGE';
DELETE FROM TELS_CORE_FIELDVALUESET_STD WHERE 1 = 1 AND TABLENAME = 'TELS_CWP_PRODUCTOFFER_PRESTAGE';
COMMIT;
INSERT INTO TELS_CORE_VALIDATIONCONDITION(CONDITIONKEY,ISSTANDARD,TABLENAME,CONDITIONTEXT) VALUES('14','1','TELS_CWP_PRODUCTOFFER_PRESTAGE','');
INSERT INTO TELS_CORE_RECORDKEY_STD(TABLENAME,FIELDNAMELIST,ISPRIMARYRECORDKEY,CONDITIONKEY) VALUES('TELS_CWP_PRODUCTOFFER_PRESTAGE','B2B_KEY','1','14');
--INSERT INTO TELS_CORE_FIELDVALIDATION_STD(TABLENAME,FIELDNAME,CONDITIONKEY,ISWARNING,ISNUMBER,ISREQUIRED,ISALWAYSNULL,ISDATE,ISDATETIME,ISINTEGER,ISDECIMAL,MINDATALENGTH,MAXDATALENGTH,MINNUMERICVALUE,MAXNUMERICVALUE,ISONEOFVALUESET,ISSPACES,MINDATEVALUE,MAXDATEVALUE,TCDATATYPE,DATEFORMATCHECK) VALUES('TELS_CWP_PRODUCTOFFER_PRESTAGE','B2B_KEY','14','0','','1','','','','','','','','','','','','','','','');
INSERT INTO TELS_CORE_FIELDVALIDATION_STD(TABLENAME,FIELDNAME,CONDITIONKEY,ISWARNING,ISNUMBER,ISREQUIRED,ISALWAYSNULL,ISDATE,ISDATETIME,ISINTEGER,ISDECIMAL,MINDATALENGTH,MAXDATALENGTH,MINNUMERICVALUE,MAXNUMERICVALUE,ISONEOFVALUESET,ISSPACES,MINDATEVALUE,MAXDATEVALUE,TCDATATYPE,DATEFORMATCHECK) VALUES('TELS_CWP_PRODUCTOFFER_PRESTAGE','B2B_INSERT_TIMESTAMP','14','1','','','','','1','','','','','','','','','','','','YYYY-MM-DD HH24:MI:SS');
--INSERT INTO TELS_CORE_FIELDVALUESET_STD(TABLENAME,FIELDNAME,CONDITIONKEY,ALLOWEDVALUE) VALUES('TELS_CWP_PRODUCTOFFER_PRESTAGE','SOURCE_SYSTEM','14','sigma');
UPDATE TELS_CORE_FIELDVALIDATION_STD SET DATEFORMATCHECK = '''YYYY-MM-DD HH24:MI:SS''' WHERE DATEFORMATCHECK = 'YYYY-MM-DD HH24:MI:SS';

/*#12 - TELS_CWP_PRODUCT_PRESTAGE**/
DELETE FROM TELS_CORE_VALIDATIONCONDITION WHERE 1 = 1 AND TABLENAME = 'TELS_CWP_PRODUCT_PRESTAGE';
DELETE FROM TELS_CORE_RECORDKEY_STD WHERE 1 = 1 AND TABLENAME = 'TELS_CWP_PRODUCT_PRESTAGE';
DELETE FROM TELS_CORE_FIELDVALIDATION_STD WHERE 1 = 1 AND TABLENAME = 'TELS_CWP_PRODUCT_PRESTAGE';
DELETE FROM TELS_CORE_FIELDVALUESET_STD WHERE 1 = 1 AND TABLENAME = 'TELS_CWP_PRODUCT_PRESTAGE';
COMMIT;
INSERT INTO TELS_CORE_VALIDATIONCONDITION(CONDITIONKEY,ISSTANDARD,TABLENAME,CONDITIONTEXT) VALUES('15','1','TELS_CWP_PRODUCT_PRESTAGE','');
INSERT INTO TELS_CORE_RECORDKEY_STD(TABLENAME,FIELDNAMELIST,ISPRIMARYRECORDKEY,CONDITIONKEY) VALUES('TELS_CWP_PRODUCT_PRESTAGE','B2B_KEY','1','15');
--INSERT INTO TELS_CORE_FIELDVALIDATION_STD(TABLENAME,FIELDNAME,CONDITIONKEY,ISWARNING,ISNUMBER,ISREQUIRED,ISALWAYSNULL,ISDATE,ISDATETIME,ISINTEGER,ISDECIMAL,MINDATALENGTH,MAXDATALENGTH,MINNUMERICVALUE,MAXNUMERICVALUE,ISONEOFVALUESET,ISSPACES,MINDATEVALUE,MAXDATEVALUE,TCDATATYPE,DATEFORMATCHECK) VALUES('TELS_CWP_PRODUCT_PRESTAGE','B2B_KEY','15','0','','1','','','','','','','','','','','','','','','');
INSERT INTO TELS_CORE_FIELDVALIDATION_STD(TABLENAME,FIELDNAME,CONDITIONKEY,ISWARNING,ISNUMBER,ISREQUIRED,ISALWAYSNULL,ISDATE,ISDATETIME,ISINTEGER,ISDECIMAL,MINDATALENGTH,MAXDATALENGTH,MINNUMERICVALUE,MAXNUMERICVALUE,ISONEOFVALUESET,ISSPACES,MINDATEVALUE,MAXDATEVALUE,TCDATATYPE,DATEFORMATCHECK) VALUES('TELS_CWP_PRODUCT_PRESTAGE','B2B_INSERT_TIMESTAMP','15','1','','','','','1','','','','','','','','','','','','YYYY-MM-DD HH24:MI:SS');
--INSERT INTO TELS_CORE_FIELDVALUESET_STD(TABLENAME,FIELDNAME,CONDITIONKEY,ALLOWEDVALUE) VALUES('TELS_CWP_PRODUCT_PRESTAGE','SOURCE_SYSTEM','15','Phoenix');
UPDATE TELS_CORE_FIELDVALIDATION_STD SET DATEFORMATCHECK = '''YYYY-MM-DD HH24:MI:SS''' WHERE DATEFORMATCHECK = 'YYYY-MM-DD HH24:MI:SS';

/*#13 - TELS_CWP_CUSTOMERBILL_PRESTAGE**/
DELETE FROM TELS_CORE_VALIDATIONCONDITION WHERE 1 = 1 AND TABLENAME = 'TELS_CWP_CUSTOMERBILL_PRESTAGE';
DELETE FROM TELS_CORE_RECORDKEY_STD WHERE 1 = 1 AND TABLENAME = 'TELS_CWP_CUSTOMERBILL_PRESTAGE';
DELETE FROM TELS_CORE_FIELDVALIDATION_STD WHERE 1 = 1 AND TABLENAME = 'TELS_CWP_CUSTOMERBILL_PRESTAGE';
DELETE FROM TELS_CORE_FIELDVALUESET_STD WHERE 1 = 1 AND TABLENAME = 'TELS_CWP_CUSTOMERBILL_PRESTAGE';
COMMIT;
INSERT INTO TELS_CORE_VALIDATIONCONDITION(CONDITIONKEY,ISSTANDARD,TABLENAME,CONDITIONTEXT) VALUES('16','1','TELS_CWP_CUSTOMERBILL_PRESTAGE','');
INSERT INTO TELS_CORE_RECORDKEY_STD(TABLENAME,FIELDNAMELIST,ISPRIMARYRECORDKEY,CONDITIONKEY) VALUES('TELS_CWP_CUSTOMERBILL_PRESTAGE','B2B_KEY','1','16');
--INSERT INTO TELS_CORE_FIELDVALIDATION_STD(TABLENAME,FIELDNAME,CONDITIONKEY,ISWARNING,ISNUMBER,ISREQUIRED,ISALWAYSNULL,ISDATE,ISDATETIME,ISINTEGER,ISDECIMAL,MINDATALENGTH,MAXDATALENGTH,MINNUMERICVALUE,MAXNUMERICVALUE,ISONEOFVALUESET,ISSPACES,MINDATEVALUE,MAXDATEVALUE,TCDATATYPE,DATEFORMATCHECK) VALUES('TELS_CWP_CUSTOMERBILL_PRESTAGE','B2B_KEY','16','0','','1','','','','','','','','','','','','','','','');
INSERT INTO TELS_CORE_FIELDVALIDATION_STD(TABLENAME,FIELDNAME,CONDITIONKEY,ISWARNING,ISNUMBER,ISREQUIRED,ISALWAYSNULL,ISDATE,ISDATETIME,ISINTEGER,ISDECIMAL,MINDATALENGTH,MAXDATALENGTH,MINNUMERICVALUE,MAXNUMERICVALUE,ISONEOFVALUESET,ISSPACES,MINDATEVALUE,MAXDATEVALUE,TCDATATYPE,DATEFORMATCHECK) VALUES('TELS_CWP_CUSTOMERBILL_PRESTAGE','B2B_INSERT_TIMESTAMP','16','1','','','','','1','','','','','','','','','','','','YYYY-MM-DD HH24:MI:SS');
--INSERT INTO TELS_CORE_FIELDVALUESET_STD(TABLENAME,FIELDNAME,CONDITIONKEY,ALLOWEDVALUE) VALUES('TELS_CWP_CUSTOMERBILL_PRESTAGE','SOURCE_SYSTEM','16','ARIA');
UPDATE TELS_CORE_FIELDVALIDATION_STD SET DATEFORMATCHECK = '''YYYY-MM-DD HH24:MI:SS''' WHERE DATEFORMATCHECK = 'YYYY-MM-DD HH24:MI:SS';

/*#14 - TELS_CWP_CFSSPEC_PRESTAGE**/
DELETE FROM TELS_CORE_VALIDATIONCONDITION WHERE 1 = 1 AND TABLENAME = 'TELS_CWP_CFSSPEC_PRESTAGE';
DELETE FROM TELS_CORE_RECORDKEY_STD WHERE 1 = 1 AND TABLENAME = 'TELS_CWP_CFSSPEC_PRESTAGE';
DELETE FROM TELS_CORE_FIELDVALIDATION_STD WHERE 1 = 1 AND TABLENAME = 'TELS_CWP_CFSSPEC_PRESTAGE';
DELETE FROM TELS_CORE_FIELDVALUESET_STD WHERE 1 = 1 AND TABLENAME = 'TELS_CWP_CFSSPEC_PRESTAGE';
COMMIT;
INSERT INTO TELS_CORE_VALIDATIONCONDITION(CONDITIONKEY,ISSTANDARD,TABLENAME,CONDITIONTEXT) VALUES('17','1','TELS_CWP_CFSSPEC_PRESTAGE','');
INSERT INTO TELS_CORE_RECORDKEY_STD(TABLENAME,FIELDNAMELIST,ISPRIMARYRECORDKEY,CONDITIONKEY) VALUES('TELS_CWP_CFSSPEC_PRESTAGE','B2B_KEY','1','17');
--INSERT INTO TELS_CORE_FIELDVALIDATION_STD(TABLENAME,FIELDNAME,CONDITIONKEY,ISWARNING,ISNUMBER,ISREQUIRED,ISALWAYSNULL,ISDATE,ISDATETIME,ISINTEGER,ISDECIMAL,MINDATALENGTH,MAXDATALENGTH,MINNUMERICVALUE,MAXNUMERICVALUE,ISONEOFVALUESET,ISSPACES,MINDATEVALUE,MAXDATEVALUE,TCDATATYPE,DATEFORMATCHECK) VALUES('TELS_CWP_CFSSPEC_PRESTAGE','B2B_KEY','17','0','','1','','','','','','','','','','','','','','','');
INSERT INTO TELS_CORE_FIELDVALIDATION_STD(TABLENAME,FIELDNAME,CONDITIONKEY,ISWARNING,ISNUMBER,ISREQUIRED,ISALWAYSNULL,ISDATE,ISDATETIME,ISINTEGER,ISDECIMAL,MINDATALENGTH,MAXDATALENGTH,MINNUMERICVALUE,MAXNUMERICVALUE,ISONEOFVALUESET,ISSPACES,MINDATEVALUE,MAXDATEVALUE,TCDATATYPE,DATEFORMATCHECK) VALUES('TELS_CWP_CFSSPEC_PRESTAGE','B2B_INSERT_TIMESTAMP','17','1','','','','','1','','','','','','','','','','','','YYYY-MM-DD HH24:MI:SS');
INSERT INTO TELS_CORE_FIELDVALUESET_STD(TABLENAME,FIELDNAME,CONDITIONKEY,ALLOWEDVALUE) VALUES('TELS_CWP_CFSSPEC_PRESTAGE','SOURCE_SYSTEM','17','sigma');
UPDATE TELS_CORE_FIELDVALIDATION_STD SET DATEFORMATCHECK = '''YYYY-MM-DD HH24:MI:SS''' WHERE DATEFORMATCHECK = 'YYYY-MM-DD HH24:MI:SS';

/*#15 - TELS_CWP_BILLSUBSCR_PRESTAGE**/
DELETE FROM TELS_CORE_VALIDATIONCONDITION WHERE 1 = 1 AND TABLENAME = 'TELS_CWP_BILLSUBSCR_PRESTAGE';
DELETE FROM TELS_CORE_RECORDKEY_STD WHERE 1 = 1 AND TABLENAME = 'TELS_CWP_BILLSUBSCR_PRESTAGE';
DELETE FROM TELS_CORE_FIELDVALIDATION_STD WHERE 1 = 1 AND TABLENAME = 'TELS_CWP_BILLSUBSCR_PRESTAGE';
DELETE FROM TELS_CORE_FIELDVALUESET_STD WHERE 1 = 1 AND TABLENAME = 'TELS_CWP_BILLSUBSCR_PRESTAGE';
COMMIT;
INSERT INTO TELS_CORE_VALIDATIONCONDITION(CONDITIONKEY,ISSTANDARD,TABLENAME,CONDITIONTEXT) VALUES('18','1','TELS_CWP_BILLSUBSCR_PRESTAGE','');
INSERT INTO TELS_CORE_RECORDKEY_STD(TABLENAME,FIELDNAMELIST,ISPRIMARYRECORDKEY,CONDITIONKEY) VALUES('TELS_CWP_BILLSUBSCR_PRESTAGE','B2B_KEY','1','18');
--INSERT INTO TELS_CORE_FIELDVALIDATION_STD(TABLENAME,FIELDNAME,CONDITIONKEY,ISWARNING,ISNUMBER,ISREQUIRED,ISALWAYSNULL,ISDATE,ISDATETIME,ISINTEGER,ISDECIMAL,MINDATALENGTH,MAXDATALENGTH,MINNUMERICVALUE,MAXNUMERICVALUE,ISONEOFVALUESET,ISSPACES,MINDATEVALUE,MAXDATEVALUE,TCDATATYPE,DATEFORMATCHECK) VALUES('TELS_CWP_BILLSUBSCR_PRESTAGE','B2B_KEY','18','0','','1','','','','','','','','','','','','','','','');
INSERT INTO TELS_CORE_FIELDVALIDATION_STD(TABLENAME,FIELDNAME,CONDITIONKEY,ISWARNING,ISNUMBER,ISREQUIRED,ISALWAYSNULL,ISDATE,ISDATETIME,ISINTEGER,ISDECIMAL,MINDATALENGTH,MAXDATALENGTH,MINNUMERICVALUE,MAXNUMERICVALUE,ISONEOFVALUESET,ISSPACES,MINDATEVALUE,MAXDATEVALUE,TCDATATYPE,DATEFORMATCHECK) VALUES('TELS_CWP_BILLSUBSCR_PRESTAGE','B2B_INSERT_TIMESTAMP','18','1','','','','','1','','','','','','','','','','','','YYYY-MM-DD HH24:MI:SS');
INSERT INTO TELS_CORE_FIELDVALUESET_STD(TABLENAME,FIELDNAME,CONDITIONKEY,ALLOWEDVALUE) VALUES('TELS_CWP_BILLSUBSCR_PRESTAGE','SOURCE_SYSTEM','18','ARIA');
UPDATE TELS_CORE_FIELDVALIDATION_STD SET DATEFORMATCHECK = '''YYYY-MM-DD HH24:MI:SS''' WHERE DATEFORMATCHECK = 'YYYY-MM-DD HH24:MI:SS';
COMMIT;
